ad_group,reach,clicks,cpc,purchases,total_purchase_value
1,26350,935,1.9,17,320.81
1,26040,999,0.94,15,378.18
1,28263,925,2.86,19,485.45
1,27923,1133,2.01,20,453.7
1,27274,1078,3,16,439.72
1,26745,1046,-1.02,18,373.24
1,27290,956,-1.06,16,231.16
1,27408,1163,3.07,18,220.64
1,26900,954,0.88,19,301.07
1,27149,1045,-1.07,16,245.28
1,26698,918,-1.13,20,224.02
1,28884,1154,-1.03,20,599.7
1,28440,1334,3.14,20,336.66
1,30270,1154,1.96,21,486.88
1,28109,894,1.81,20,488.34
1,28889,1106,2.96,18,367.58
1,27395,1288,1.12,16,194.66
1,28169,1039,1.95,24,556.3
1,26888,1077,-0.03,18,453.84
1,28957,1161,-0.01,17,413.6
1,27748,1070,-0.03,20,610.13
1,26740,939,-1.12,18,215.86
1,27186,1086,-1.04,18,374
1,25266,983,1.96,18,446.44
1,25977,1047,3.06,16,317.36
1,27696,951,-0.11,18,148
1,28288,1142,2.97,19,453.22
1,27212,1214,0.08,20,402.98
1,26834,1131,2.01,22,776.26
1,25752,985,2.96,18,366.78
1,26934,1039,-0.03,19,305.62
1,26079,973,1.95,17,128.08
1,27112,994,2.93,19,259.62
1,28620,990,-1.1,20,254.78
1,28102,1155,3,16,187.88
1,27047,1019,-1.04,17,390.79
1,26142,964,-1.07,20,515.26
1,28873,965,2.85,16,280.02
1,28686,1276,-0.91,19,391.6
1,28092,1081,-1.04,18,512.02
1,27636,1018,-0.07,20,519.36
1,28262,1186,2.05,17,344.15
1,27858,950,1.87,20,404.85
1,29175,1196,0.02,18,414.09
1,27684,1153,1.01,21,288.15
1,29819,1184,1,16,197.4
1,29089,1216,3.01,17,408.25
1,28528,1030,0.92,18,349.46
1,27146,1223,-0.91,16,315.15
1,29042,1199,3,20,369.78
1,27589,1202,1.08,18,383.67
1,29517,1181,2.99,19,605.91
1,30331,1242,2.98,18,182.12
2,20395,506,1.7,43,852.14
2,20773,414,1.58,56,459.1
2,21354,416,0.56,49,774.24
2,20803,608,2.76,50,955.7
2,19506,461,-1.35,43,701.57
2,21573,532,1.69,54,950.66
2,20776,494,0.67,47,947.36
2,20299,419,-1.41,49,1502.78
2,20124,426,1.61,50,1125.03
2,21413,430,-0.4,47,996.46
2,19176,440,2.65,47,1113.57
2,21341,569,-0.3,50,1032.55
2,19600,463,0.66,45,1143.96
2,20375,411,-1.43,47,847.83
2,19302,482,1.67,49,215.18
2,21093,532,-0.35,45,1246.7
2,19644,428,-1.35,48,1182.56
2,22264,656,-1.22,56,220.12
2,20086,404,2.58,44,1164.08
2,19993,400,-0.4,51,932.27
2,20422,384,0.57,44,922.87
2,20661,458,2.62,47,1028.88
2,21441,476,1.6,48,624
2,19320,461,-1.35,37,945.66
2,19359,424,-1.37,45,1099.84
2,20888,485,-1.34,53,475.57
2,19764,411,2.59,47,521.2
2,20797,433,-1.43,40,643.92
2,20270,534,1.69,47,767.04
2,20116,412,-0.43,48,735.84
2,21202,462,-0.37,44,1176.05
2,18987,486,-0.31,40,1056.5
2,21575,522,0.67,45,389.34
2,20398,442,2.6,44,1083.96
2,19624,338,-1.49,41,1132.57
2,20677,516,0.67,45,805.6
2,19866,363,-0.45,38,1267.88
2,20808,590,2.74,47,1058.22
2,21192,533,-1.32,45,1067.86
2,20258,355,1.55,41,740.49
2,19740,408,-1.4,44,331.36
2,19421,507,0.7,42,639.44
2,21466,427,2.59,50,935.72
2,20974,595,-1.24,52,1586.74
2,19476,520,2.67,46,1057.92
2,21618,473,0.61,48,1170.82
2,19037,371,0.58,49,1054.27
2,20698,520,0.71,47,1071.48
2,21199,604,-1.24,51,1034.23
2,19807,304,2.51,44,617.32
2,20471,480,1.66,50,734.68
2,21343,510,1.67,55,822.28
2,20046,451,2.64,45,300.87
3,59279,5536,0.69,18,551.64
3,59949,5278,0.55,22,355.46
3,62356,5088,3.47,22,334.14
3,64854,6366,0.84,27,342.66
3,66833,5562,4.5,21,356.85
3,67916,7098,4.92,20,218.78
3,67614,6149,3.53,23,505.43
3,66024,5402,2.41,25,477.01
3,65724,5956,4.61,26,526.56
3,66269,6154,2.72,22,426.44
3,67422,6349,4.57,26,503.66
3,66581,5682,4.42,22,459.99
3,68314,6922,0.8,20,339.69
3,69667,6049,2.49,21,478.02
3,67255,8339,1.21,26,380.91
3,69245,6000,4.57,22,537.97
3,66520,7449,2.98,25,406.8
3,66985,5558,3.49,22,549.11
3,68160,6214,3.6,24,394.26
3,70458,6848,2.77,26,550.2
3,68730,7028,1.84,26,548.22
3,69596,8315,1.17,22,382.35
3,71466,6764,4.69,24,590.26
3,69026,6516,3.62,22,293.24
3,68734,6169,3.66,24,413.8
3,67035,5711,4.61,19,449.88
3,66769,7256,3.95,22,328.9
3,66390,4608,0.27,22,554.84
3,70152,5197,2.35,26,363.1
3,66939,6778,2.98,23,211.82
3,71026,7712,4.03,26,553.24
3,69926,5915,4.41,24,479.24
3,68148,5274,1.16,26,73.33
3,66694,6001,0.48,22,331.91
3,74182,6813,3.61,28,638.19
3,72530,6811,0.57,24,304.77
3,71856,6884,4.54,23,458.54
3,70399,6533,3.6,24,171.17
3,70812,6636,0.7,19,315.82
3,68767,7062,3.74,20,438.88
3,69556,6971,0.74,22,537.7
3,70940,5327,2.23,26,743.8
3,65987,6788,2.76,23,609.66
3,64793,7365,1.96,20,678.31
3,68318,6888,2.77,28,599.87
3,65577,6718,0.99,22,350.51
3,63238,5780,2.65,22,449.01
3,68005,5698,3.4,24,384.6
3,70014,6834,1.8,21,657.24
3,70048,7088,1.75,26,790.53
3,67006,7640,3.09,20,317.18
3,63000,7269,4.04,19,96.42
3,64973,6385,2.86,19,170
4,30714,2953,3.82,163,4196.14
4,32747,2700,3.64,164,1001.34
4,33321,3035,4.7,192,2496.76
4,35661,2353,0.34,212,5845.76
4,33481,2184,1.07,142,2358.22
4,35360,2545,4.33,184,3657.29
4,36636,2738,4.31,174,2503.91
4,38159,2995,2.34,201,4843.62
4,36218,4024,5.15,207,4941.68
4,38884,3218,3.67,198,4521.26
4,36511,3562,4.68,179,3379.08
4,37042,3384,0.82,246,4890.22
4,38563,3629,0.66,162,2488.11
4,39750,3048,4.33,234,5621.15
4,37658,3151,1.51,189,3568.83
4,34935,2986,2.5,171,2335.45
4,35303,3269,1.67,168,1771.58
4,37638,4117,1.08,184,2151.5
4,36839,3046,4.54,222,2702.16
4,36441,3388,2.59,187,4930.96
4,36845,3227,3.73,213,5612.34
4,38223,2548,3.18,208,4093.56
4,37482,2727,1.24,199,4041.26
4,36124,3400,3.77,196,5762.33
4,38195,2604,3.29,188,3263.8
4,39646,3646,4.69,231,2721.28
4,34729,2213,1.96,192,1918.55
4,36426,2594,2.24,151,3456.5
4,36053,3399,0.81,213,3431.24
4,39117,3049,1.39,210,5104.32
4,37499,3740,0.83,211,3407.72
4,37268,3842,1.81,209,4900.15
4,38274,2720,0.27,219,4135.26
4,37946,3372,3.62,212,3916.99
4,36233,2648,2.27,189,4385.3
4,39004,3225,1.75,241,5052.7
4,38919,3471,4.75,198,2561.08
4,36918,3181,3.48,221,7087
4,35782,3407,0.61,146,3396.88
4,37868,3022,1.48,218,4685.1
4,37940,3195,2.6,187,2833.94
4,36299,2933,4.44,147,2790.48
4,36722,0,2,0,0
4,37472,2602,1.17,224,2605.7
4,38932,3696,4.86,200,3391.32
4,0,0,-2,0,0
4,36520,3637,3.75,163,2691.68
4,36599,3313,0.7,185,4232.42
4,38121,2982,3.47,205,3010.22
4,37158,3296,3.62,189,3930.8
4,38290,3039,0.28,209,3829.26
4,38471,3210,1.49,197,3334.21
4,36673,2820,1.54,232,4822.13
5,17817,1197,1.01,80,1844.4
5,18665,1106,2.92,70,1489.06
5,18890,1364,0.22,73,1610.41
5,18835,1359,2.26,84,759.22
5,17262,1047,3.95,73,2376.66
5,19574,1122,0.96,75,1919.9
5,18762,1280,2.09,70,1565.49
5,20654,1236,2.92,89,1217.64
5,20681,1404,1.2,57,797.1
5,20510,1322,3.97,100,2408.24
5,21468,1325,0.88,104,3105.52
5,0,0,0,0,0
5,20524,1380,1.13,81,766.12
5,19858,1295,3.03,77,1691.92
5,21605,1245,-0.05,87,1669.58
5,21891,1410,4.04,105,2445.15
5,22270,1556,1.14,95,1373.5
5,20923,1500,2.11,76,1817.24
5,20188,1386,2.13,68,1381.3
5,22778,1332,3.9,86,1907.52
5,21148,1366,3.04,102,2525.9
5,22015,1482,3.19,94,1883.86
5,22548,1212,2.93,79,1722.22
5,22967,1226,0.79,76,2080.37
5,21425,1353,3.03,94,1941.15
5,19108,1205,2.05,81,1529.81
5,21220,1544,3.41,86,1880.18
5,20685,1247,0.85,94,1473.48
5,20439,1212,3.94,86,2767.7
5,21991,1586,2.27,82,2124.04
5,22865,1438,2.01,89,1909.98
5,21398,1344,2.98,107,2454.34
5,21273,1478,0.09,90,2349.08
5,20705,1251,4.01,77,1714.79
5,21688,1072,3.9,97,2836.46
5,20583,1165,3.72,105,1907.17
5,19944,1572,1.42,72,1537.88
5,21599,1291,2.03,88,1574.32
5,21308,1321,3.94,74,1080.87
5,21469,1447,0,102,551.51
5,21910,1448,0.97,72,1699.03
5,21079,1058,3.85,100,1808.62
5,22063,1438,1.88,79,1707.53
5,20882,1385,4.12,83,1262.36
5,21374,1489,3.12,87,1521.62
5,20941,1323,1.99,80,1489.66
5,21784,1422,4.12,85,1405.66
5,21694,1470,4.11,98,2135.38
5,21521,1312,1.79,81,1675.44
5,22232,1307,2.04,88,1749.22
5,21480,1474,0.15,82,2132.02
5,20912,1247,0.01,93,2596.47
5,22626,1467,3.86,106,1755.54
6,13423,450,1.62,6,119.4
6,14284,476,3.5,8,131.27
6,14819,523,1.77,8,104
6,15173,532,1.66,10,125.94
6,13948,484,-0.41,8,163.59
6,13666,456,0.79,8,149.98
6,14660,490,-0.44,9,141.16
6,16457,582,0.57,9,171.41
6,16532,444,3.4,9,176
6,15806,618,3.75,8,245.29
6,15210,578,2.75,8,142.99
6,16161,529,0.53,8,185.96
6,15721,540,2.68,9,156.72
6,16868,550,2.71,10,149.06
6,14857,518,-0.29,8,112.76
6,16418,467,-0.52,8,141.52
6,16756,593,-0.46,7,152.93
6,16548,609,0.63,9,273
6,15013,484,0.5,9,238.38
6,16054,572,2.63,8,166.32
6,15365,512,3.59,9,224.2
6,16975,505,1.41,10,87.72
6,16018,485,0.6,9,132.06
6,15235,556,0.64,8,209.86
6,15694,492,1.53,10,186.5
6,17086,576,2.56,10,140.18
6,16566,522,2.49,7,78
6,16176,579,3.51,11,321.64
6,15962,649,2.7,10,241.44
6,16080,498,1.46,7,99.22
6,17415,638,0.78,10,214.12
6,15520,556,3.64,8,102.56
6,14767,450,1.55,9,277.77
6,17061,512,1.43,10,96.4
6,16765,486,3.33,9,171.54
6,16079,515,0.57,10,98.64
6,16410,547,1.72,8,145.9
6,15882,551,0.69,8,241.11
6,15966,522,1.64,7,82.82
6,16270,583,1.68,8,173.46
6,15208,513,0.66,6,88.6
6,15515,510,0.5,10,204.66
6,15741,486,3.68,11,222.64
6,15216,478,3.45,7,181.94
6,16194,603,0.55,9,84.87
6,15481,490,0.62,9,136.19
6,16701,590,1.61,12,232.35
6,16456,559,3.51,8,232.52
6,15918,523,1.38,10,259.21
6,15711,596,3.65,10,137.13
6,16811,512,2.56,10,224.54
6,16035,525,1.47,10,235.31
6,16320,496,1.48,10,204.78
7,19372,1390,-0.5,9,198.12
7,20416,1754,-0.21,9,195.56
7,19210,1823,0.96,8,142.43
7,20520,1452,2.48,10,191.08
7,19696,2074,4.17,8,218.47
7,19758,2182,1.28,8,224.66
7,19636,1732,1.83,8,181.09
7,22918,2310,3.08,10,277.77
7,24713,1946,0.65,10,196.2
7,24321,2426,1.06,12,285.37
7,24056,1777,3.54,8,152.74
7,22551,1931,3.79,9,219.96
7,21611,2010,0.92,10,237.01
7,23101,1784,3.61,10,335.52
7,22501,1850,-0.29,10,75.89
7,21224,2132,4.08,10,218.2
7,21422,2069,3.99,9,185.54
7,23577,2173,3.9,12,269.18
7,22887,2007,-0.18,8,169.62
7,23084,2048,-0.16,9,254.46
7,23310,2211,2.96,9,238.05
7,22065,1888,3.78,10,255.45
7,22402,2288,2.11,10,186.89
7,23325,1971,3.75,10,208.32
7,22292,1820,3.71,9,132.04
7,22773,1988,0.81,9,106.52
7,23388,2450,0.17,10,174.25
7,22018,1914,1.8,8,160.06
7,24018,1835,1.59,10,182.27
7,22560,2053,1.87,10,266.73
7,23750,2131,2.87,10,296.62
7,22571,1931,3.78,10,227.9
7,21716,1882,1.8,8,313.98
7,23235,2009,1.78,8,232.63
7,22221,1936,3.81,11,299.74
7,21827,1789,-0.3,8,46.4
7,21766,1902,2.81,9,251.54
7,21822,2111,0,9,108.17
7,21904,1808,3.71,10,177.2
7,23328,1881,-0.31,9,267.43
7,23373,2228,3.97,10,179.95
7,22830,1756,-0.4,10,145.94
7,21680,1486,3.44,9,148
7,22086,1760,3.66,10,238.66
7,22484,1886,3.75,11,301.06
7,22897,1920,0.75,9,143.68
7,22736,1826,-0.33,10,198.82
7,23598,2094,0.84,9,211.69
7,22168,2020,1.89,11,227.04
7,22774,1708,1.56,10,274.78
7,21408,1840,0.78,10,198.98
7,23050,1844,3.68,12,113.08
7,22611,2178,0.99,9,126.44
1,15235,1022,1.14,30,458.9
1,14928,1019,3,26,426.31
1,14751,977,2.15,22,541.12
1,14007,1018,0.35,22,355.34
1,15278,941,2.13,26,411.78
1,15880,804,0.69,31,483.96
1,14831,910,-0.1,21,296.2
1,16876,846,0.77,29,298.55
1,17645,1079,3.99,30,608.96
1,17403,1154,0.1,29,353.26
1,16136,957,0.96,27,273.38
1,16522,1071,-0.01,26,308.3
1,17271,973,1.83,30,665.98
1,16342,1005,0.94,26,332.74
1,18961,1230,3.12,31,669.82
1,18779,1180,3.09,31,655.17
1,19047,1199,0,33,883.05
1,17232,1195,3.2,31,809.8
1,16354,1110,0.2,30,475.84
1,17848,1090,2.83,29,365.86
1,18535,937,3.74,31,371.58
1,18905,1096,3.94,32,919.52
1,18097,914,1.78,34,853.73
1,18046,1117,0,30,452.32
1,17426,1137,3.05,27,562.16
1,17545,1111,-0.07,26,459.52
1,18518,1311,3.13,26,503.5
1,19280,1202,-0.08,37,973.76
1,17813,949,-0.11,26,678.19
1,17890,1015,3.8,31,287.7
1,18706,1148,2.95,36,503.01
1,16618,1166,2.97,31,464.9
1,17765,970,3.96,30,370.96
1,17890,1108,3.97,27,115.26
1,17364,1125,0.97,32,985.34
1,18421,1090,2.94,30,581.52
1,17638,1022,2.84,32,368.21
1,18367,1102,2.04,31,1040.5
1,18340,1150,1.99,30,692.36
1,17930,911,3.77,29,454.2
1,18313,1101,2,32,422.18
1,17102,1148,4.03,26,349.12
1,18211,1130,0,30,462.28
1,18959,984,3.8,30,611.88
1,18676,1030,0.92,36,634.37
1,18847,1025,2.92,30,294.99
1,18959,1240,2.05,32,141.12
1,17824,985,0.9,31,611.92
1,18705,877,0.71,33,534.41
1,19052,1117,2.78,33,470.25
1,18169,1168,4.08,31,629.58
1,18701,1050,0.84,35,720.39
1,17532,1060,3.95,34,758.28
2,41159,88,0.09,0,7.42
2,44090,98,-1.9,0,7.85
2,43916,87,0.1,0,6.05
2,44468,88,1.09,0,10.04
2,48250,97,0.09,0,7.07
2,44196,86,2.09,0,4.07
2,46519,92,-0.91,0,7.82
2,44491,96,2.09,0,3.86
2,46907,82,1.09,0,2.93
2,47150,91,2.09,0,6.51
2,45346,94,-0.91,0,5.59
2,51536,112,-0.91,0,8.26
2,47930,94,1.1,0,7.72
2,45719,87,1.08,0,7.75
2,45153,98,2.09,0,8.56
2,46566,95,-0.91,0,4.5
2,47233,100,1.09,0,5.64
2,50839,114,-1.9,0,6.42
2,48279,110,0.1,0,5.3
2,48646,100,0.08,0,11.92
2,48774,113,1.1,0,8.02
2,47575,111,0.1,0,5
2,50344,93,-0.91,0,7.84
2,48074,85,2.09,0,9.59
2,50860,108,-1.91,0,5.18
2,48819,93,0.09,0,5.62
2,49783,112,-1.9,0,5.14
2,48678,96,1.09,0,8.02
2,45522,87,1.09,0,10.02
2,51361,92,0.08,0,7.7
2,51051,116,2.1,0,5.98
2,51272,102,0.09,0,12.11
2,50862,115,-0.9,0,4.42
2,51874,104,1.1,0,8.77
2,52876,118,1.09,0,6.24
2,48296,93,0.08,0,6.88
2,50847,116,2.09,0,10.32
2,49937,102,-0.91,0,5.64
2,48604,99,2.1,0,10.46
2,47553,78,0.09,0,6.2
2,49020,92,2.09,0,10.08
2,48418,108,0.1,0,12.5
2,47610,92,-0.9,0,9.33
2,50852,90,-1.91,0,4.64
2,51100,108,2.1,0,10.96
2,50305,99,-0.91,0,8.54
2,49738,108,1.1,0,9.36
2,50606,117,1.1,0,6.4
2,50938,97,1.1,0,6.68
2,49434,105,0.1,0,10.04
2,50573,106,-1.91,0,6.63
2,47550,96,1.09,0,5.2
2,49439,97,2.08,0,7.72
3,39036,448,2.07,5,91.65
3,40719,586,3.21,6,83.77
3,40826,502,-0.88,6,150.54
3,41815,518,3.33,6,104
3,43408,528,3.19,6,124.44
3,43744,742,2.29,7,161.12
3,40566,609,0.17,5,19.1
3,45146,595,-0.99,6,111.52
3,43594,580,3.11,8,124.86
3,47901,766,-0.88,8,197.28
3,45874,647,0.3,8,118.3
3,44880,716,0.27,9,188.96
3,45746,515,0.32,6,121.38
3,42577,622,3.1,7,217
3,45984,649,-0.83,7,154.18
3,43351,456,0.22,8,204.84
3,45999,539,2.01,8,169.46
3,46799,672,0.21,6,119.48
3,49564,807,3.16,9,241.67
3,50088,863,2.07,5,84.69
3,48632,682,3.23,7,177.06
3,48195,722,0.19,8,264.32
3,46913,731,0.16,6,77.38
3,50544,693,3,9,122.32
3,49071,622,1.17,8,186.29
3,46653,649,2.08,8,85.52
3,51512,662,0.25,8,149.91
3,49708,699,-0.89,8,89.76
3,48925,643,-0.98,9,146.01
3,47360,687,2.13,7,143.88
3,46358,745,1.07,8,225.91
3,49273,656,-0.82,8,132.18
3,46752,792,0.11,8,132.2
3,51348,755,-0.71,8,222.71
3,50817,629,3.08,8,136.18
3,49233,603,2.09,8,221.16
3,51309,713,3.23,7,137.76
3,46910,719,2.33,8,168.38
3,49996,589,2.22,8,162.68
3,49120,650,1.31,8,62.21
3,47694,654,0.22,6,102.87
3,49726,741,3.01,8,164.13
3,46494,667,3.33,8,109
3,47993,803,3.24,6,70.96
3,48836,744,0.22,8,179.66
3,48917,644,-0.88,7,148.08
3,49001,756,-0.81,8,131.88
3,45901,746,1.13,9,202.53
3,50139,799,2.07,10,320.71
3,52490,870,0.29,6,150.67
3,46205,639,-1.11,9,228.98
3,48529,673,3.23,7,148.36
4,6580,388,3.59,21,554.71
4,7079,458,-0.21,21,522.12
4,7114,462,-0.19,18,306.33
4,6539,402,2.71,20,356.4
4,7081,389,0.46,21,413.48
4,6987,430,0.79,20,298.64
4,6706,468,2.87,18,563.79
4,7719,509,2.81,23,518.55
4,7660,508,2.81,25,499.24
4,7323,427,-0.3,20,344.86
4,7046,452,0.79,24,319.68
4,7301,476,-0.17,27,294.92
4,7560,528,-0.17,22,432.18
4,7778,523,-0.14,20,162.05
4,7783,511,2.81,24,303.18
4,8187,544,0.71,28,473.36
4,8051,524,0.81,23,332.28
4,7990,522,-0.23,23,376.66
4,8022,486,-0.3,31,488.6
4,8013,455,-0.37,28,305.1
4,7878,478,3.67,22,296.4
4,7762,457,3.66,23,540.56
4,8852,562,2.69,31,626.24
4,7864,524,3.74,25,289.44
4,7978,574,4.01,23,341.85
4,0,0,-1,0,0
4,7770,474,1.7,25,860.71
4,7707,505,3.79,24,610.92
4,8648,549,3.71,24,384.16
4,8566,484,2.65,26,178.83
4,7561,468,3.7,20,224.72
4,7696,457,-0.29,21,431.3
4,7752,568,-0.09,26,815.42
4,8242,556,-0.1,24,379.09
4,8454,518,3.8,24,563.02
4,8501,426,-0.58,24,392.64
4,8327,508,0.77,26,783.45
4,7334,0,2,0,0
4,7712,521,-0.18,23,307.16
4,7785,503,1.76,21,667.68
4,7912,501,1.72,23,377.4
4,8185,0,-1,0,0
4,7737,466,3.75,27,422.3
4,7948,517,1.82,26,379.66
4,7736,563,-0.14,23,190.32
4,7964,450,0.58,26,726.02
4,8026,447,1.53,25,189.7
4,8169,481,-0.3,28,312.52
4,7935,496,0.75,22,457.4
4,8007,589,1.98,25,340.44
4,8002,530,0.82,18,135.82
4,0,0,-2,0,0
4,8174,573,3.89,22,234.88
5,10400,595,2.23,45,850.06
5,10582,620,-0.03,60,1144.34
5,11645,749,4.06,70,1390.76
5,10835,641,2.14,60,1040.42
5,10900,637,4.06,63,1281.1
5,11186,776,3.31,67,1053.77
5,10949,702,2.2,52,1090.02
5,11073,789,4.3,60,913.64
5,11437,724,3.96,68,713.7
5,11344,712,2.09,68,1183.56
5,11852,671,3.08,65,1636.6
5,11433,655,-0.12,47,503.84
5,11551,624,-0.1,69,1819.59
5,11559,736,2.11,65,1153.04
5,11831,651,0.81,55,1159.68
5,11683,748,0.17,57,989.74
5,11528,668,2.1,78,1868.57
5,11752,626,0.85,61,1322.29
5,11754,798,3.18,62,1046.06
5,11676,824,1.18,73,1645.4
5,12207,840,0.24,73,901.46
5,12619,764,4.12,63,765.01
5,11921,633,0.85,61,932.57
5,11732,580,1.99,70,1564.86
5,12354,757,1.11,64,868.91
5,12266,0,-2,0,0
5,11322,642,1.04,71,1898.2
5,12150,634,4,66,1971.68
5,12235,675,-0.05,81,1897.08
5,11999,781,1.26,72,1343.97
5,11505,761,1.22,61,1074.01
5,12053,724,0.05,72,1458.43
5,11963,729,2.1,61,1384.33
5,11826,685,2.99,70,1888.36
5,11220,740,2.12,70,1396.99
5,11852,755,2,58,1670.22
5,11738,706,0.06,54,675.6
5,12484,732,3.96,75,846.12
5,12169,825,3.22,64,1192.62
5,11753,714,1.27,70,1373.76
5,11230,635,0.98,58,1591.2
5,11511,726,3,66,2145.3
5,11601,646,-0.13,53,1207.9
5,12278,676,1.97,64,815.76
5,12413,716,1.09,71,1595.72
5,12092,859,1.35,84,1902.82
5,12255,878,3.32,66,1120.5
5,11364,778,1.24,66,736.22
5,11001,741,4.27,66,1369.82
5,11577,646,1.14,58,1490.46
5,0,0,-2,0,0
5,11360,698,3.06,58,494.98
5,11792,631,0.09,69,1262.01
6,64830,5788,2.81,555,17616.22
6,62608,5624,1.83,533,6720.72
6,63488,4053,0.31,553,10826.02
6,67496,5723,2.72,493,12249.74
6,68860,5799,3.71,552,14650.3
6,68314,6114,1.81,578,12331.2
6,62980,4993,2.61,537,4326.5
6,59118,5016,0.73,426,9887.41
6,60471,5032,1.69,558,6005.66
6,61874,5881,0.92,512,9232.91
6,60956,5597,1.86,485,8192.04
6,64362,5725,1.81,530,8517.27
6,62304,5537,3.8,538,11022.26
6,63711,5402,1.72,518,9034.9
6,63426,5561,3.78,464,11214.15
6,0,0,2,0,0
6,69060,4772,3.41,596,5003.39
6,65561,4843,3.51,525,13938.82
6,67902,6422,3.92,620,5251
6,65324,5102,1.59,510,11134.54
6,64778,5721,2.8,471,6717.62
6,64328,5730,1.81,443,4996.24
6,64723,6005,0.89,489,17285.54
6,63555,5524,1.76,590,14873.8
6,65214,6107,2.9,503,6773.5
6,67601,6114,2.83,518,10864.58
6,64387,5607,3.77,576,12186.4
6,66346,5414,3.67,501,11403.53
6,67531,6500,2.95,596,11589.52
6,63184,4943,3.6,509,17920.81
6,64840,5431,0.71,520,8259.4
6,70422,7276,3.1,631,13373.83
6,70759,6382,0.83,492,11617.36
6,65749,5855,3.81,522,10259.52
6,63150,4860,0.57,602,14896.96
6,59562,4508,3.54,480,7729.55
6,63616,5090,3.63,527,11851.51
6,65048,5616,3.76,578,9283.53
6,63816,5636,1.79,567,11180.64
6,60509,5124,0.72,452,9997.84
6,62114,5154,0.69,498,10241.28
6,0,0,2,0,0
6,63950,5561,0.76,488,9841.62
6,63542,5522,1.77,539,19811.86
6,64755,5443,2.71,492,10106.46
6,66238,6110,1.87,398,6159
6,63330,4852,2.56,455,8005.4
6,64479,5524,3.73,464,5225.16
6,64946,5902,-0.16,521,7666.14
6,63890,5353,-0.29,568,10321.54
6,63980,5463,0.74,532,7945.94
6,65724,5412,-0.33,531,6015.28
6,66264,5633,2.73,537,15924.57
7,3422,112,-0.23,6,98.78
7,3234,90,-1.31,8,228.62
7,3083,99,-1.24,6,168.24
7,3066,94,0.74,6,162.52
7,3087,85,-0.34,8,149.05
7,2997,95,1.75,6,124.15
7,3113,86,1.67,8,123.84
7,3429,113,-1.24,9,53.43
7,3342,113,2.8,8,128.96
7,3412,100,-0.31,8,111.67
7,3558,102,2.7,9,163.82
7,3446,118,-1.19,9,237.41
7,3406,98,2.68,8,76.22
7,3401,104,-1.28,8,226.76
7,3393,104,-1.27,10,224.54
7,3463,96,-0.35,9,190.94
7,3386,101,2.72,8,118.36
7,3545,108,0.74,8,158.94
7,3248,92,-0.32,8,209.66
7,3466,107,2.71,7,182.04
7,3410,106,0.71,8,191.38
7,3343,87,0.64,8,183.83
7,3495,125,1.84,6,129.42
7,3416,99,2.69,7,145.88
7,3270,101,2.72,9,202.68
7,3414,114,2.76,7,198.2
7,3408,84,1.61,8,164.04
7,3426,103,0.71,7,80.76
7,3628,106,1.71,8,129.35
7,3453,118,-0.2,11,184.79
7,3349,101,-1.29,7,130.88
7,3368,84,-1.39,8,157.4
7,3344,85,2.62,8,223.14
7,3620,110,0.73,8,105
7,3252,92,1.67,7,133.56
7,3426,94,-0.33,8,224.28
7,3524,112,-1.26,9,208.36
7,3538,104,-1.3,7,119.74
7,3290,107,0.77,8,219.72
7,3399,100,0.71,8,228.94
7,3404,80,1.57,10,191.77
7,3283,114,2.81,9,237.29
7,3453,116,0.78,9,45.62
7,3346,108,-0.24,7,101.06
7,3326,96,0.68,8,114.34
7,3316,84,-0.4,7,167.54
7,3472,112,-1.25,7,35.67
7,3473,91,-0.33,9,113.54
7,3563,76,2.54,6,140.18
7,3418,109,-1.26,9,227.18
7,3461,97,-1.33,9,279.46
7,3586,115,2.76,10,183.7
1,5924,130,0.81,6,132.62
1,6130,138,0.85,7,121.38
1,6425,112,1.67,6,73.73
1,6062,121,-1.36,6,160
1,6035,128,1.78,4,34.16
1,6368,134,-0.24,6,107.96
1,5992,136,-0.22,6,111.51
1,6322,126,-1.27,6,113.57
1,6080,154,-0.15,6,179.14
1,6388,172,1.86,7,121.04
1,6191,182,1.94,7,203.66
1,6726,162,-0.14,6,100.47
1,5918,168,-1.09,6,194.72
1,6572,149,-0.21,7,161.69
1,6156,156,1.8,6,103.44
1,6135,151,0.84,6,117.45
1,6299,135,2.83,6,137.83
1,6112,112,-0.26,6,148.19
1,5862,128,-1.28,6,130.24
1,6341,128,2.76,6,169.52
1,6244,130,0.78,7,138.39
1,6370,172,1.87,6,89.14
1,6147,116,2.68,7,234.66
1,5932,156,-0.08,6,74.62
1,6211,161,-1.13,6,139.17
1,6206,102,1.64,6,6.04
1,6135,131,0.79,6,154.28
1,6429,158,1.87,6,147.61
1,5999,132,-0.18,6,191.62
1,6313,145,0.78,6,150.12
1,6209,166,-0.12,6,116.1
1,6414,137,-1.24,6,88.66
1,6045,131,1.74,6,113.94
1,6398,167,2.87,6,88.7
1,6156,140,0.78,5,85.44
1,6642,143,-1.21,8,103.51
1,6495,158,-1.12,7,123.56
1,6514,164,1.87,6,93.2
1,5607,115,1.76,6,120.01
1,6458,141,1.83,8,170.78
1,6059,137,1.84,6,77.33
1,6346,141,-0.21,7,184.72
1,5716,120,-1.23,6,164.76
1,6400,160,-1.2,6,155.86
1,6417,166,1.86,7,97.25
1,6378,144,2.81,6,181.31
1,5976,135,-1.23,6,151.57
1,6798,115,1.65,8,100.42
1,5762,146,1.83,6,77.38
1,6456,186,-0.05,7,127.06
1,6115,157,-1.17,7,149.19
1,6086,123,0.74,8,71.24
1,5949,124,0.81,6,130.07
2,11745,350,-1.37,25,585.55
2,11454,372,-1.32,28,553.46
2,12102,314,2.55,31,620.28
2,11991,344,0.6,29,574.81
2,12240,362,2.62,28,791.66
2,12108,345,1.6,26,576.54
2,12374,256,0.44,32,615.33
2,12557,256,0.44,28,775.4
2,12740,331,-0.45,27,318.73
2,12599,334,0.56,30,619.13
2,12094,290,0.51,29,549.88
2,12474,447,1.75,30,889.32
2,12825,345,0.57,32,899.12
2,12867,321,1.53,31,530
2,12570,406,1.68,28,345.02
2,12550,342,-0.42,32,317.83
2,12602,317,1.54,28,668.38
2,11974,290,1.52,30,391.04
2,0,0,0,0,0
2,12305,357,-0.39,30,779.98
2,11923,313,0.55,31,838.2
2,12136,291,0.51,28,825.04
2,12280,327,0.56,26,187.08
2,12228,317,2.55,26,426.62
2,12044,306,2.54,30,663.71
2,13334,338,1.53,32,350.48
2,12367,344,-0.41,32,856.46
2,12704,369,-0.38,33,396.92
2,0,0,0,0,0
2,11884,303,-1.46,26,468.92
2,12670,317,2.53,27,838.84
2,12373,324,1.56,30,457.68
2,11955,375,0.66,30,539.62
2,11678,290,-1.47,28,288.21
2,11997,276,1.48,30,689.53
2,11705,326,-0.41,27,284.96
2,12423,298,-0.49,28,342.64
2,12354,351,2.6,30,664.64
2,13158,324,0.53,31,272.69
2,13099,413,0.66,31,449.9
2,12027,344,2.61,28,419.24
2,12509,293,-0.5,30,635.76
2,12359,357,-0.39,25,479.88
2,12037,293,-0.47,26,298.77
2,12533,329,2.55,29,238.24
2,12293,296,1.52,26,836.66
2,11704,297,-1.46,24,722.4
2,12794,355,0.59,28,628.61
2,12394,286,2.5,25,222.1
2,12076,282,1.5,28,595.72
2,11336,264,1.5,24,108.74
2,12351,342,2.59,28,757.58
2,12498,366,2.62,28,819.14
3,47656,378,0.4,4,53.28
3,48836,467,-1.6,4,96.32
3,50346,442,-1.6,4,38.78
3,46820,394,2.39,6,159.48
3,50732,426,1.38,5,76.39
3,48690,433,-1.57,5,41.42
3,51476,506,-1.59,4,99.93
3,51104,445,0.38,5,83.9
3,54598,447,1.4,5,69.91
3,53238,466,1.44,4,79.17
3,53136,488,0.4,4,85.3
3,53952,425,-1.6,6,49.08
3,53689,428,1.4,6,40.59
3,54001,442,0.36,6,57.79
3,53818,439,-1.6,6,105.82
3,57674,532,2.44,5,97.32
3,56209,445,-1.62,5,88.62
3,56521,496,0.38,6,188.38
3,58645,501,1.4,6,43.56
3,55622,472,0.4,6,161.35
3,54384,491,-0.59,6,51.15
3,57530,521,1.37,6,52.26
3,56892,501,1.36,5,169.34
3,55712,447,2.36,6,152.98
3,56207,511,0.38,5,112.12
3,57960,567,2.38,5,144.7
3,55040,506,-1.6,5,55.12
3,57382,583,1.44,6,17.4
3,55888,473,-1.6,6,113.08
3,59268,580,-0.57,5,88.62
3,56748,471,-1.6,6,114.85
3,58529,433,2.4,6,150.4
3,59186,507,1.4,6,152.28
3,56808,453,1.37,5,119.77
3,57955,515,-1.61,6,137.38
3,61314,536,-0.61,6,73.02
3,60294,522,2.39,6,49.94
3,58737,541,0.39,6,16.56
3,61340,525,-1.62,6,106.08
3,59178,451,2.38,7,84.32
3,58138,533,0.42,6,100.01
3,55294,518,2.38,6,151.32
3,56671,471,0.4,4,77.69
3,58264,531,1.39,6,135.26
3,55843,531,-0.59,6,47.24
3,58130,582,1.42,5,196.6
3,57644,567,2.4,6,72.93
3,59506,651,2.48,6,79.66
3,57520,495,0.38,5,27.93
3,56230,520,-1.62,5,125.9
3,58230,393,2.37,5,98.22
3,56949,492,2.38,5,157.08
3,55374,542,-1.59,6,84.11
4,30051,2867,-0.07,215,4216.27
4,33047,2704,2.65,222,5441.42
4,36483,3474,0.92,210,3967.9
4,31733,3653,3.32,181,2339.09
4,35283,3605,1.06,237,4782.28
4,34265,3334,2.96,262,6263.56
4,33364,3332,4.02,253,6415.45
4,32586,3580,2.22,245,4124.45
4,36912,3643,0,282,5713.13
4,36998,3011,3.65,281,5578.39
4,36596,3333,0.84,255,5942.84
4,35412,3591,2.05,274,5187.69
4,34356,3922,3.3,269,3026.74
4,36304,3861,4.15,252,6894.78
4,35792,3305,3.87,250,2029.14
4,36981,3840,0.1,218,3550.58
4,37031,3537,1.93,276,6202.48
4,35970,3368,1.89,256,4463.84
4,36322,3884,1.16,262,835.02
4,35969,3290,2.85,179,2428.94
4,35300,3651,4.09,221,2965.8
4,34819,3528,1.05,216,4375.88
4,35512,3400,1.94,247,4253.88
4,35861,3510,0.98,265,3552.06
4,37922,3601,0.92,260,4446.6
4,35682,3350,2.9,271,7218.7
4,36437,3057,-0.3,224,5284.32
4,35729,3541,4.01,284,2894.92
4,35894,2990,-0.32,239,2366.91
4,36753,3126,3.72,256,6682.6
4,37504,3886,4.09,181,3668.08
4,35878,3525,1.99,249,6350.75
4,36628,3858,4.13,220,6304.74
4,36182,3677,3.05,235,8434.39
4,36799,4200,4.3,210,3678.93
4,36102,3718,0.08,284,9877.03
4,36578,4028,0.22,304,5966.38
4,34796,3733,3.17,261,4315.2
4,34948,3554,3.06,262,6102.48
4,35845,3404,0.92,223,5723.36
4,34806,4041,2.34,261,4559.26
4,36780,3901,1.14,320,6435.12
4,36612,4072,0.24,267,3495.36
4,35294,3574,1.05,188,3088.91
4,36576,3511,1.94,250,6013.83
4,36933,3829,2.09,262,5902.35
4,37250,3483,2.89,290,5952.86
4,35271,3329,2.91,317,7729.35
4,34184,3066,1.81,232,7148.38
4,36132,3286,3.84,238,7234.03
4,36349,3718,3.07,187,3672.72
4,34956,3148,2.82,191,6259.2
5,6634,699,2.52,17,368.88
5,7138,689,4.29,18,442.83
5,6626,622,0.25,17,266.69
5,6283,522,1.01,14,117.4
5,6593,615,4.23,15,461.9
5,7175,733,1.38,18,320.02
5,6412,589,2.14,18,277.26
5,8183,693,3.1,14,381.99
5,7988,647,3.01,18,409.74
5,8050,798,2.36,20,351.5
5,8662,677,3.94,22,458.3
5,8502,960,1.64,22,302.76
5,8043,885,2.58,20,363.86
5,8426,718,4.1,20,223.15
5,7554,639,0.04,17,312.32
5,8152,817,1.45,18,260.88
5,8178,854,1.5,20,468.69
5,7595,745,1.31,20,424.87
5,8162,816,0.39,19,366.76
5,8078,770,4.27,21,385.16
5,7974,873,0.53,19,252.65
5,8055,870,1.48,22,491.49
5,8085,808,3.42,19,427.84
5,7970,776,3.31,18,360.28
5,8431,691,3.04,22,283.95
5,7377,716,1.26,21,450.58
5,7788,706,0.22,18,417.38
5,7570,732,4.34,18,355.8
5,7858,801,1.39,18,424.32
5,7800,551,1.82,19,488.44
5,8151,890,4.44,21,355.18
5,7836,698,3.15,19,380.15
5,8126,814,3.43,18,498.04
5,7636,734,2.26,17,282.58
5,8061,832,0.39,18,322.76
5,8194,839,3.48,18,593.66
5,7676,787,0.41,20,439.16
5,7792,694,2.22,16,445.34
5,7851,822,1.47,22,361.34
5,7605,744,3.34,20,391.62
5,7857,865,0.65,21,390.98
5,8025,794,1.33,19,479.24
5,7673,712,2.29,21,74.13
5,7900,694,1.18,16,409.58
5,8004,537,3.71,17,280.54
5,7863,616,0.92,20,362.78
5,7642,714,0.18,18,251.68
5,8281,645,0.94,22,575.23
5,7639,752,0.28,18,258.86
5,0,0,-1,0,0
5,7911,687,4.14,18,200.5
5,8268,734,0.15,19,353.68
5,8388,563,0.71,23,395.08
6,51765,2976,2.65,152,2667.76
6,0,0,-2,0,0
6,48045,2905,0.81,139,3472.6
6,48232,2846,1.76,132,2328.82
6,50283,2934,2.79,153,1612.45
6,50458,3610,2.03,166,2856.18
6,50012,2901,2.74,135,2084.59
6,49021,2877,-0.25,146,2059.04
6,47778,3128,0.02,146,3963.88
6,51346,3050,1.72,145,618.64
6,52904,3299,2.89,170,2601.98
6,48532,2820,1.84,125,2475.55
6,50448,3216,-0.2,142,2892.25
6,51144,2828,2.72,142,2181.3
6,50055,3033,0.81,134,2459.7
6,51258,3109,0.84,158,2886.92
6,49863,3194,0.9,126,564.67
6,48315,2857,3.75,152,1587.57
6,47424,2868,2.81,144,2394.09
6,47551,2900,2.84,123,3494.68
6,46438,3158,2.05,148,3216.46
6,46790,2766,2.71,123,3077.1
6,50400,2964,2.69,135,2825.08
6,50403,3294,2.85,167,2439.98
6,48999,3079,3.89,133,2270.57
6,50166,2955,0.86,149,3005.87
6,49773,3009,2.82,156,3614.49
6,49659,3154,2.94,147,2062.93
6,49253,2922,1.85,125,2687.18
6,48046,2981,2.84,155,4082.38
6,47916,3170,2.85,138,1705.08
6,48621,2984,0.79,133,3133.04
6,48996,3113,-0.08,145,3675.86
6,49078,2648,3.7,148,3287.24
6,48238,2904,3.83,128,2742.98
6,47436,3092,1.85,129,2655.06
6,48336,2606,1.7,120,1730
6,47779,2735,0.78,148,3797.6
6,48709,2801,0.82,145,3751.62
6,48174,3082,1.98,132,3483.1
6,50538,3538,-0.03,127,2903.98
6,50818,2950,-0.27,143,4830.74
6,51472,3048,0.72,162,3926.19
6,49990,2866,2.72,132,2547.27
6,48599,3062,1.95,131,3016.04
6,50426,3308,-0.13,157,3725.2
6,48606,2658,3.67,130,3232.76
6,46224,2797,0.87,116,1368.04
6,49824,3496,1.05,118,3361.62
6,48396,2741,0.77,115,3722.44
6,48424,3132,3.83,121,985.64
6,48311,3006,0.87,140,2398.1
7,9886,78,-1.08,4,63.04
7,10473,0,2,0,0
7,11148,105,0.4,5,96
7,10991,98,2.21,5,131.35
7,11203,91,1.06,4,46.16
7,11862,132,-0.84,4,120.24
7,11522,86,-0.88,6,61.99
7,10856,104,2.06,4,133.68
7,10819,108,3.09,5,46.21
7,10425,103,-0.96,4,78.65
7,10452,97,1.19,5,203.18
7,10256,99,-0.85,4,90.64
7,10246,98,0.06,5,138.24
7,10237,99,3.25,4,105.74
7,10469,112,3.07,4,74.18
7,10764,91,2.2,4,62.42
7,11240,106,1.09,6,93.78
7,10831,104,3.08,6,146.22
7,11233,122,2.07,5,101.41
7,10427,104,2.04,5,102.78
7,11160,97,1.06,6,95.75
7,11606,98,3,5,97.62
7,12024,112,3.12,6,127.56
7,11303,117,3.23,6,46.94
7,11118,98,2.08,6,155.45
7,10236,74,1.04,4,75.64
7,10622,85,-0.87,4,49.57
7,11506,112,-0.81,5,132.8
7,10907,91,1.18,4,39.6
7,11867,105,3.1,5,30.42
7,11590,106,2.26,5,71.47
7,10704,108,-0.92,5,121.76
7,10813,121,2.16,5,97.79
7,10891,97,1.06,5,67.94
7,10728,100,1.99,4,55.64
7,10525,0,2,0,0
7,10413,93,0.17,4,94.2
7,11078,93,1.98,4,109.34
7,11748,115,1.13,5,118.87
7,11511,113,3.17,6,56.58
7,11340,88,-0.95,6,118.24
7,10772,86,-0.95,4,52.53
7,10989,104,0.09,6,93.54
7,10788,124,0.36,5,129.1
7,10812,102,-0.9,5,73.25
7,10665,119,0.05,5,117.46
7,10496,86,-0.96,4,35.87
7,11530,112,1.15,5,96.82
7,11501,106,1.04,5,60.53
7,11721,116,1.08,5,118.01
7,10584,94,-1.04,6,78.2
7,11272,121,-1.02,5,115.14
7,11392,90,1.13,6,96
1,8049,273,0.75,16,284.49
1,8636,355,2.89,16,473.68
1,8710,330,1.82,14,215.06
1,8106,326,1.87,16,233.22
1,8367,294,-0.23,15,338.72
1,8858,298,1.74,14,253.12
1,8113,310,1.83,14,52.66
1,8930,344,-0.16,14,354.08
1,9372,370,-1.15,13,305.67
1,9366,379,2.9,15,309.78
1,9032,358,1.86,15,350.7
1,9321,311,2.73,16,250.28
1,9262,323,2.76,14,296.96
1,9145,338,2.8,16,321.92
1,9684,290,2.67,15,290.56
1,10212,370,-1.21,18,244.67
1,9862,327,0.73,14,103.27
1,9476,380,-0.11,16,300.95
1,10033,374,1.8,16,419.64
1,9511,345,-1.21,18,608.74
1,9658,358,0.8,14,202.55
1,10261,409,2.87,16,111.88
1,10098,354,-1.22,14,256.59
1,9667,376,-0.16,17,327.36
1,10052,390,-0.15,16,315.82
1,10047,337,2.73,17,439.41
1,10619,352,1.73,19,635.14
1,9649,351,0.8,18,299.06
1,10671,415,-1.15,19,120.26
1,9754,414,2.92,18,301.42
1,9534,300,-0.31,17,255.65
1,10164,362,2.78,19,478.7
1,9569,394,1.89,15,345.27
1,10620,415,2.84,21,665.94
1,10485,345,1.73,16,270.2
1,10244,353,1.75,19,389.3
1,9896,299,-1.33,14,322.59
1,9723,412,-0.09,15,227.64
1,9919,364,-1.2,19,274.48
1,9647,312,1.71,13,247.96
1,10599,390,1.8,16,163.28
1,10467,399,1.83,18,353.22
1,10524,351,-1.27,20,478.42
1,10940,422,-1.16,18,585.09
1,9803,388,0.86,16,491.84
1,9860,336,0.76,13,222.18
1,9820,410,2.89,15,228.18
1,10315,404,1.85,17,421.24
1,10436,397,-1.18,20,100.36
1,9961,393,1.86,18,352.34
1,10338,405,0.84,12,259.48
1,10244,280,2.61,17,271.76
1,10214,383,0.82,16,204.4
2,16439,922,-0.7,38,657.5
2,17009,850,-0.84,37,270.12
2,17650,923,1.22,34,519.62
2,17729,917,2.21,32,877.08
2,17922,962,3.24,36,183.34
2,16493,820,-0.8,28,736.1
2,17396,619,0.89,30,383.34
2,18083,704,-1.04,40,690.12
2,20097,1093,-0.73,37,806.68
2,18055,754,3.01,46,476.27
2,18492,790,1.02,34,532.07
2,18820,713,1.93,37,679.94
2,19057,987,-0.8,40,849.57
2,17619,0,0,0,0
2,17886,770,0.06,37,745.18
2,19304,890,3.08,45,991.26
2,18374,969,0.25,39,444.54
2,19150,911,-0.87,37,906.74
2,19085,718,1.97,40,861.44
2,19721,737,1.93,39,760.38
2,18779,974,2.23,36,831.62
2,18962,996,3.24,30,388.46
2,19256,771,-1.02,39,807.96
2,18435,950,2.19,43,409.02
2,20183,761,-1.11,38,-100.08
2,19946,1041,2.23,38,748.38
2,19277,780,-1.03,36,536.3
2,19332,707,1.9,38,699.06
2,19944,1050,1.23,44,337.91
2,19794,1050,1.25,42,988.4
2,18044,859,3.17,29,506.28
2,19548,1002,2.2,38,882.4
2,18505,1073,2.34,35,208.32
2,19484,1049,3.24,45,642.64
2,20009,1010,1.18,42,903.23
2,20395,1104,3.23,46,1130.86
2,20615,990,-0.91,42,953.24
2,19298,872,1.1,38,940.03
2,19628,922,3.12,40,492.66
2,19464,993,2.19,34,805.52
2,19789,739,-0.07,47,1068.58
2,20382,816,2.01,40,904.67
2,21485,805,1.95,42,1035.4
2,20510,886,3.05,46,1159.79
2,19860,959,0.11,32,497.04
2,19615,887,1.09,42,820.53
2,19635,901,2.08,41,1235.43
2,19166,984,0.2,39,789.02
2,18554,675,0.9,36,601.5
2,0,0,2,0,0
2,19824,918,-0.88,40,851.48
2,19944,942,1.13,38,722.08
2,18547,1032,0.29,39,550.34
3,12393,130,2.19,1,30.78
3,13551,131,1.99,1,21.94
3,13199,118,1.1,1,13.79
3,12846,116,2.79,1,36.1
3,13166,147,1.07,1,33.2
3,12645,132,1.4,1,28.73
3,13412,132,2.34,1,26.12
3,14483,143,5.76,1,31.8
3,13324,120,5.38,1,16.95
3,13861,125,5.07,1,22.47
3,13694,163,2.6,1,28.04
3,14643,128,5.06,1,35.76
3,14950,140,1.21,1,32.84
3,14990,139,0.92,1,36.84
3,14856,146,4.13,1,30.96
3,14255,138,4.01,1,28.44
3,14739,167,4.16,1,37.06
3,14166,144,4.52,1,26.6
3,14420,161,4.03,1,27.46
3,14260,137,3.55,1,23.4
3,14329,141,2.75,1,27.12
3,14878,144,3.06,1,5.04
3,13869,133,5.2,1,33.68
3,14554,129,3.14,1,15.13
3,14736,123,4.18,1,21.26
3,14052,160,1.58,1,33.72
3,14380,135,0.78,1,24.28
3,15629,168,5.23,2,48.78
3,15612,158,2.58,1,49.48
3,14136,150,4.66,1,19.98
3,14513,104,4.21,1,24.24
3,14456,142,1.58,1,18.39
3,14344,131,2.08,1,42.65
3,14770,133,3.07,1,16.2
3,15254,140,1.35,1,20.72
3,15776,156,2.48,1,15.42
3,13999,147,5.3,1,10.19
3,14511,145,1.39,1,14
3,15246,142,2.82,1,31.26
3,13372,119,4.77,1,38.08
3,14694,162,1.24,1,38.62
3,15866,141,4.05,1,1.16
3,15572,138,5.47,1,44.62
3,15105,124,1.6,1,18
3,13861,155,4.31,1,16.96
3,15223,148,4.1,1,33.97
3,14309,121,1.47,1,21.04
3,14818,149,5.25,1,37.18
3,14628,155,5.04,1,21.93
3,15021,158,1.83,1,31.2
3,15015,150,4.14,1,23.07
3,15097,163,1.56,1,21.82
4,58672,247,0.72,0,0
4,62535,224,0.75,0,0
4,62650,243,0.87,0,0
4,61162,206,0.6,0,0
4,65925,196,2.64,0,0
4,63157,202,-1.26,0,0
4,0,0,-2,0,0
4,65119,268,2.68,0,0
4,68603,259,1.69,0,0
4,67086,196,2.65,0,0
4,66217,268,2.78,0,0
4,66838,312,2.75,0,0
4,69455,228,-1.38,0,0
4,68743,274,-1.27,0,0
4,70804,261,0.68,0,0
4,71546,287,-1.35,0,0
4,69404,238,2.65,0,0
4,67335,249,2.66,0,0
4,70891,283,-1.19,0,0
4,72998,189,1.65,0,0
4,68144,243,-1.27,0,0
4,71988,269,-0.26,0,0
4,75137,200,2.64,0,0
4,72186,243,2.8,0,0
4,68774,216,1.75,0,0
4,72976,178,1.77,0,0
4,74619,322,2.78,0,0
4,70824,154,1.73,0,0
4,74125,292,0.78,0,0
4,73028,276,2.85,0,0
4,71797,264,-1.18,0,0
4,75138,250,-1.35,0,0
4,73406,227,0.81,0,0
4,68720,262,-1.18,0,0
4,67141,256,1.76,0,0
4,71926,232,2.65,0,0
4,69792,246,0.74,0,0
4,71216,220,-0.24,0,0
4,73667,277,-0.34,0,0
4,67714,272,0.65,0,0
4,70338,280,0.71,0,0
4,69274,248,0.68,0,0
4,73594,296,1.79,0,0
4,67565,297,0.64,0,0
4,70112,273,2.71,0,0
4,71648,262,1.7,0,0
4,71884,242,2.68,0,0
4,70518,273,2.75,0,0
4,67460,237,-0.3,0,0
4,72981,264,1.72,0,0
4,70718,238,2.73,0,0
4,77002,272,0.58,0,0
4,67400,241,1.7,0,0
5,23332,2502,2.62,102,2569.32
5,24950,2148,3.19,128,4045.22
5,24463,1848,3.89,118,3013.6
5,24540,2752,3.62,123,2105.36
5,24668,1818,3.89,97,2585.24
5,24696,1753,3.8,121,3429.61
5,25517,2456,3.33,106,1817.06
5,27674,2393,4.11,136,1458.2
5,26099,2211,0.05,122,3804.92
5,28750,2535,0.15,136,1682.52
5,27230,2488,3.26,116,2592.14
5,30117,2555,2.15,131,2282.22
5,27689,2083,1.89,138,1837.48
5,27671,2844,4.43,130,2018.23
5,28521,2726,2.35,120,3124.74
5,29569,2560,1.09,132,2334.5
5,30572,2924,1.31,124,2879.06
5,28968,2622,0.26,117,3805.03
5,30318,2988,1.42,93,2563.62
5,29823,2610,2.18,140,2264.84
5,28489,2862,0.47,128,2922.9
5,28216,2916,0.5,136,2397.58
5,29825,3329,2.63,146,3292.78
5,30720,2473,2.1,159,2359.27
5,29903,2656,3.24,144,1844.15
5,30548,2542,4.09,126,2437.07
5,29322,2934,0.38,180,3747.76
5,28271,3032,0.5,138,3416.82
5,29373,2535,2.15,113,2796.54
5,29284,2882,3.36,119,1864.91
5,30431,2497,3.01,136,3366.81
5,30989,2606,3.11,158,4647.18
5,29995,2319,0.99,161,2619.49
5,28795,2912,2.39,125,2054.15
5,31404,3521,0.65,156,4074.46
5,29957,2316,1,144,2098.05
5,29756,2850,1.32,146,3684.56
5,31266,2982,1.4,135,1797.72
5,30956,2623,4.13,131,3436.5
5,29058,2582,2.19,130,891.15
5,29619,2528,1.17,148,1256.94
5,30467,2766,4.22,157,2449.12
5,29817,2968,0.33,129,3924.13
5,29328,2680,2.23,124,1829.06
5,31010,2380,3.95,116,1148.01
5,28700,2738,4.39,111,2501.94
5,30171,2735,2.19,122,2993.16
5,30358,3059,4.55,114,2108.24
5,29130,2759,1.32,112,2285.42
5,28405,2321,3.03,144,2176.13
5,28631,2660,4.3,124,2589.26
5,31019,2920,3.28,146,2724.02
5,29920,2335,1.03,152,1663.1
6,25431,198,2.39,6,166.97
6,27208,202,2.38,5,98.62
6,26544,175,0.37,7,166.04
6,25300,226,0.37,6,177.15
6,26654,192,0.42,7,107.81
6,24943,254,-0.58,5,106.02
6,25133,248,-0.6,7,72
6,26711,213,-1.62,6,135.54
6,26483,236,-1.61,6,82.3
6,25070,202,2.39,6,151.34
6,26592,233,0.34,8,176.22
6,26370,206,1.37,6,133.76
6,26905,226,2.37,6,112.24
6,27117,228,0.37,7,141.13
6,25524,248,-1.59,6,129.01
6,27826,229,1.4,7,103.14
6,24811,208,0.36,7,143.44
6,26490,258,-0.61,6,168.42
6,25099,201,1.35,6,58.52
6,27851,217,-1.65,7,127.28
6,24820,248,2.41,6,83.41
6,27433,232,1.4,6,105.23
6,24177,217,0.39,6,117.34
6,27078,204,-1.65,6,125.04
6,26360,215,-1.63,6,145.01
6,26143,185,2.37,6,122.44
6,26078,228,2.41,5,113.97
6,28250,262,-0.58,7,175.44
6,26498,222,2.4,6,143.92
6,27522,222,1.36,7,139.85
6,25352,181,2.4,5,122.58
6,28058,233,-0.64,6,-12.54
6,26986,237,2.4,6,137.28
6,25461,252,-0.63,8,138.74
6,25969,224,2.4,6,14.9
6,27347,218,2.37,7,157.79
6,25338,209,-1.66,7,153.44
6,27766,194,2.35,7,203.14
6,26895,198,-1.61,7,128.8
6,25890,169,-1.66,6,123.26
6,24898,188,-1.65,6,82.5
6,27749,234,2.39,6,163.91
6,26375,222,1.37,6,174.28
6,26518,193,-1.64,6,60.73
6,26145,201,2.36,6,33.18
6,26917,202,0.39,6,96.14
6,26006,187,2.36,6,154.24
6,25000,204,1.42,7,264.7
6,25900,210,2.4,7,193.8
6,26435,235,-0.62,6,101.44
6,27119,200,0.38,6,102.78
6,26504,193,1.34,6,100.41
6,26078,220,0.37,6,185.32
7,6625,657,3.15,14,315.44
7,6915,647,4.02,19,539.26
7,7004,676,4.12,18,446.32
7,6982,594,1.91,22,464.65
7,6662,641,1.14,20,244.42
7,7197,617,1.89,18,254.43
7,7006,654,3.04,20,510.36
7,7436,754,0.21,21,614.52
7,7506,703,2.06,22,333.15
7,7495,694,2.05,16,279.56
7,7598,792,1.27,25,712.14
7,7731,564,1.64,20,371.26
7,8060,728,1,24,603.68
7,7892,714,2.99,20,520.34
7,8306,774,2.05,22,258.35
7,7964,672,1.87,24,276.65
7,7948,752,1.08,21,441.42
7,8309,890,4.3,20,268.56
7,8170,596,1.64,22,292.4
7,8041,742,4.02,21,436.76
7,7740,740,4.1,18,256.42
7,8084,694,0.93,23,459.5
7,8882,779,1.94,24,403.58
7,7910,646,1.82,22,319.52
7,8346,634,0.73,21,420.1
7,7995,638,-0.19,20,310.95
7,8297,660,0.78,24,364.71
7,8023,732,4.01,22,596.57
7,8206,729,3.99,22,254.6
7,8431,717,1.91,23,498.1
7,7874,745,1.09,25,456.78
7,8141,832,0.21,21,514.71
7,8128,724,-0.04,20,414.86
7,8555,794,3.04,24,191.72
7,8187,720,-0.02,22,439.71
7,8888,710,0.79,22,360.12
7,8488,690,-0.19,24,672.5
7,7652,592,-0.24,25,554.47
7,8052,624,0.72,22,352.4
7,8150,692,0.9,24,461.53
7,8662,735,-0.1,26,562.24
7,8056,637,3.78,20,270.9
7,8212,717,-0.08,25,298.67
7,8198,721,1.95,22,252.46
7,7769,675,0.92,20,535.23
7,8160,732,3.98,31,512.88
7,8315,706,1.93,22,502.79
7,8442,741,1.94,26,716.44
7,7988,845,4.32,20,520.98
7,8169,789,2.1,24,692.9
7,8392,782,1.04,22,600.36
7,8175,718,0.91,27,350.36
7,8156,769,4.03,25,598.02
1,7628,470,1.62,8,185.24
1,8266,570,-0.29,8,190.5
1,8018,554,2.75,9,185.42
1,7968,551,1.75,6,123.04
1,8684,461,-0.59,9,204
1,8589,584,2.78,8,97.98
1,7388,473,-0.33,6,149.81
1,8560,527,2.54,8,196.55
1,8184,536,1.62,7,111.58
1,8160,407,2.4,7,126.62
1,8096,512,0.67,6,82.87
1,8361,557,1.7,7,162.48
1,8433,542,-0.31,8,63.41
1,8122,540,2.72,6,154.4
1,7848,588,-0.16,7,105.65
1,8122,543,0.73,6,167.91
1,8449,615,-0.15,7,202.98
1,8248,466,0.51,9,40.8
1,7940,627,-0.04,7,159.66
1,8170,488,3.51,8,152.54
1,8521,470,0.48,8,172.06
1,7884,491,0.57,6,124.74
1,8544,471,0.47,8,75.32
1,8284,526,1.62,7,68.79
1,8528,584,3.74,9,74.5
1,8069,446,-0.53,7,144.72
1,9054,473,0.39,10,245.72
1,8612,638,0.82,8,152.46
1,8077,419,3.43,8,125.96
1,8461,499,3.51,7,203.14
1,8036,538,0.66,7,88.12
1,8250,560,3.75,7,181.2
1,8118,524,3.72,7,109.87
1,8031,561,-0.23,7,169.68
1,8464,614,0.84,8,172.43
1,8268,445,3.39,6,116.36
1,8506,550,2.64,8,104.39
1,8130,575,2.82,9,166.32
1,8336,501,3.56,8,152.93
1,8640,627,-0.18,8,109.24
1,8222,530,1.68,8,142.36
1,8573,490,1.56,7,81.02
1,8316,507,2.57,10,80.22
1,8166,617,0.83,7,76.81
1,8460,528,0.64,8,53.46
1,8828,560,0.67,8,-1.78
1,8165,546,3.73,8,163.59
1,8259,477,1.45,8,133.64
1,8050,481,0.58,7,144.94
1,8884,577,2.66,8,215
1,8275,457,2.42,8,163.84
1,8082,511,-0.35,6,99.78
1,8057,404,0.32,6,99.21
2,43823,470,3.09,6,68.67
2,43515,428,0.07,6,65.72
2,44452,498,1.96,7,187.04
2,45477,470,3.01,7,114.09
2,45386,533,-0.97,6,214.2
2,43635,556,1.23,6,145.48
2,46029,440,1.11,8,219.34
2,45776,539,3.16,7,151.85
2,46655,485,0.97,6,102.2
2,45173,487,-0.79,6,287.74
2,49558,584,2.15,6,97.08
2,49965,625,2.23,6,100.58
2,48336,628,2.1,7,216.22
2,46925,503,0.07,7,160.29
2,49382,574,3.16,7,54.68
2,48055,531,2.06,8,152.3
2,46240,507,-0.86,6,101.97
2,47305,480,3.09,6,73.18
2,44919,550,1.18,7,179.66
2,44357,462,3.12,5,78.86
2,45339,439,1.21,5,89.32
2,46339,509,0.12,7,82.16
2,48139,604,0.99,6,103.17
2,49887,579,2.25,7,159.9
2,53720,608,0.03,8,262.87
2,52216,494,2.06,7,136.14
2,47156,482,2.01,7,126.82
2,44457,443,-0.79,8,156.3
2,45157,471,1.13,6,161.46
2,49414,608,2.98,7,47.22
2,48154,508,3.09,6,198.82
2,46885,458,2.04,5,104.06
2,47797,595,3.11,8,202.88
2,44785,444,2.98,5,150.61
2,43479,518,1.96,5,112.2
2,44784,458,1.03,5,111.38
2,47225,428,1.02,7,111.32
2,44579,454,1.12,7,124.1
2,43543,387,-0.06,6,135.34
2,44218,427,1.19,6,92.06
2,44367,429,1.12,4,114.66
2,45766,586,-0.97,7,85.82
2,46780,489,3.14,7,90.8
2,46706,547,3.09,6,175.03
2,47902,482,1.11,6,85.12
2,46474,485,1.13,5,110.7
2,45915,444,-1.06,7,202.22
2,46687,555,-0.84,6,175.56
2,45660,571,0.11,6,123.18
2,44783,582,3.19,6,71.04
2,45996,500,3.05,6,121.8
2,48678,524,1.16,7,156.41
2,49461,524,2.17,6,99.98
3,46402,210,0.13,19,318.48
3,47905,237,-1.86,23,524
3,49818,321,0.17,21,304.36
3,49969,232,1.14,19,384.3
3,50427,247,-1.86,22,312.96
3,50276,238,1.15,22,495.19
3,49158,266,0.16,20,328.82
3,51684,250,-0.86,24,160.24
3,52598,270,0.14,23,386.26
3,51056,253,-0.86,23,425.73
3,51071,302,1.16,24,464.64
3,54809,270,0.14,25,325.78
3,54624,300,0.15,26,206.01
3,54485,271,2.14,23,308.17
3,57365,345,0.16,28,694.38
3,52596,256,-1.85,22,650.8
3,53539,308,1.16,25,435.28
3,56834,306,-1.85,28,416.26
3,54820,266,0.14,26,258.69
3,54679,286,-1.85,24,346.38
3,56572,323,2.16,28,378.5
3,54850,275,0.15,19,359.45
3,50715,247,-1.86,22,335.82
3,49651,240,2.14,21,379.4
3,51594,292,0.15,19,318.2
3,53605,264,1.15,27,585.76
3,52483,219,1.13,27,688.84
3,52034,235,1.13,22,430.51
3,50534,280,-1.84,22,511.06
3,51533,235,0.13,21,455
3,53150,333,1.17,27,729.19
3,53178,260,2.13,21,434.79
3,52135,261,-0.85,20,546.21
3,50504,226,0.13,23,471.98
3,51141,268,-0.85,24,471.96
3,53212,265,-1.85,25,496.54
3,49620,192,-1.87,22,506.3
3,55046,298,-0.85,27,623.9
3,53508,262,1.15,24,400.16
3,53390,228,0.13,24,570.16
3,53728,335,0.16,27,357.74
3,53768,337,2.17,24,513.45
3,53270,261,-0.86,26,577.47
3,51055,267,2.14,20,151.6
3,51292,285,0.15,21,492.76
3,51500,264,-1.86,20,372.35
3,51287,285,-0.85,21,404.13
3,49220,296,1.17,20,291.67
3,53906,311,-0.84,28,287.05
3,55346,270,1.14,23,432.62
3,48710,269,-1.86,23,460.78
3,49429,282,-1.84,21,420.64
3,50590,295,0.16,23,606.29
4,12940,950,2.61,9,158.28
4,13100,1096,1.84,8,133.47
4,14124,1061,-0.3,8,172.38
4,13672,1020,1.68,11,114.03
4,13688,990,2.64,10,200.48
4,14460,1118,2.72,10,226.14
4,13330,1427,1.34,8,44.02
4,15252,1316,1.92,11,133.19
4,15615,1177,1.68,10,305.76
4,15928,1315,0.83,12,284.19
4,15472,1544,0.17,9,218.86
4,15174,864,2.34,10,104.58
4,15242,1667,0.38,10,135.7
4,14638,1340,3.01,7,187.68
4,15487,1358,-0.06,8,136.08
4,15603,1517,1.1,12,166.07
4,16245,1306,2.77,9,195.14
4,16396,1092,0.5,14,83.65
4,15674,1299,-0.15,10,164.75
4,14454,868,1.38,8,162.76
4,14828,1335,-0.01,10,241.26
4,16034,1571,1.15,10,191.98
4,16672,1547,2.03,12,159.01
4,15391,1306,2.89,9,170.3
4,16042,1509,2.07,11,340.24
4,15322,1382,0.99,11,240.06
4,14775,1325,1.98,8,180
4,15459,1463,4.09,10,227.96
4,16252,1741,3.32,13,218.06
4,15848,1413,0.98,12,184.12
4,15974,1404,3.96,13,54.16
4,16352,1439,0.94,10,212.49
4,15404,1396,-0.01,10,170.69
4,16080,1602,4.15,9,144.92
4,15409,1561,2.19,10,220.58
4,15610,1510,3.07,10,241.27
4,15658,1170,-0.3,10,68.8
4,15048,1240,0.84,12,311.73
4,15416,1247,1.81,11,243.28
4,15774,1609,2.2,10,214.48
4,16241,1341,2.83,10,326.4
4,15192,1562,3.25,10,322.14
4,16204,1303,-0.22,12,241.6
4,15436,1342,2.92,11,222.09
4,15263,1512,1.16,10,188.17
4,15297,1352,-0.08,10,151.84
4,15977,1409,1.93,12,210.75
4,16678,1663,2.16,10,102.24
4,15890,1246,0.72,12,171.88
4,15749,1504,3.07,10,173.1
4,15716,1459,0.03,12,198.62
4,16230,1466,1.99,12,133.09
4,15334,1401,1.97,12,137.1
5,5728,262,-0.08,10,26.52
5,6290,307,-1.02,10,190.28
5,5862,298,0.02,11,211.8
5,5926,275,-0.07,9,86.56
5,6302,322,-0.97,9,61.94
5,6311,341,2.09,9,184.88
5,5880,295,2.01,6,138.44
5,6815,277,0.82,11,204.03
5,6387,330,1.04,10,220.18
5,6675,342,3.03,12,254.77
5,6521,297,0.92,10,51.39
5,6433,241,2.76,12,229.92
5,6652,278,-0.16,12,72.42
5,6394,314,2.99,9,187.42
5,6211,270,-1.12,10,199.96
5,6641,254,0.77,11,205.97
5,6569,338,0.04,12,318.48
5,6630,329,1,9,116.9
5,6712,336,-0.99,10,255.86
5,5983,272,-0.08,9,253.03
5,6480,264,-1.18,11,301.9
5,6058,298,-0.01,10,116.26
5,6428,313,-1.02,9,215.25
5,6155,238,-0.22,8,168.18
5,6095,273,0.9,9,218.82
5,6501,306,1.95,12,248.7
5,6273,249,-0.2,10,247.03
5,6474,264,2.82,12,159.62
5,6406,321,3.01,11,98.43
5,6147,318,0.04,10,229.42
5,6602,256,-0.22,11,191.92
5,6068,235,2.78,10,166.4
5,6572,332,3.02,11,277.95
5,6716,336,3.01,12,158.92
5,6607,316,-1.03,8,105.4
5,6037,251,-0.16,10,286.17
5,6785,330,0.98,10,203.06
5,6453,249,1.78,10,78.38
5,6724,333,1,9,165.46
5,6648,354,2.07,12,112.55
5,6301,244,1.78,10,92.38
5,5847,250,0.86,9,262.82
5,6347,303,-1.04,10,182.78
5,6335,329,2.05,9,207.83
5,6524,269,-0.17,10,225.17
5,6498,298,-1.08,10,258.35
5,6734,428,0.28,10,159.42
5,6277,264,-0.15,10,216.31
5,6516,268,1.83,9,142.3
5,6488,277,2.86,9,248.66
5,6298,272,-0.13,9,85.65
5,6104,278,2.92,10,159.28
5,6572,273,-0.16,10,242.92
6,12118,992,-0.31,92,1538.92
6,12532,1303,0.13,102,1578.31
6,13080,1027,3.63,98,2089.74
6,14033,1235,-0.19,119,2855.37
6,13845,1184,-0.25,97,2002.7
6,14891,1389,-0.09,96,2222.04
6,15110,1277,-0.26,107,904.46
6,14313,880,2.27,100,873
6,13390,1160,1.78,89,764.09
6,13546,976,3.48,92,1808.54
6,12865,995,-0.4,92,2742.87
6,13578,1195,2.82,104,2027.2
6,14378,1316,0.88,107,1251.46
6,13499,1082,-0.35,88,1259.97
6,14113,1304,1.9,102,1107.56
6,14073,1119,3.64,108,1772.96
6,14097,1054,3.54,110,3419.44
6,13492,1197,2.82,108,3605.08
6,13624,928,3.4,114,2088.12
6,14163,1422,1.06,107,3323.58
6,14284,1096,1.58,104,1380.28
6,14016,1128,2.66,101,982.01
6,13848,1137,3.69,87,1100.7
6,13971,1265,3.86,98,2992.02
6,14019,1079,0.58,103,1758.34
6,13812,1295,0.92,90,1381.5
6,14615,1282,2.8,110,3326.5
6,14686,1190,-0.34,110,2159.89
6,14684,1130,0.6,108,1656.42
6,15004,1240,2.7,101,2562.3
6,14425,1311,3.88,115,2023.6
6,14869,1162,1.61,103,1050.64
6,14250,1177,2.7,101,1613.1
6,13962,1397,3.05,103,3100.54
6,13986,1155,0.7,94,2195.04
6,13660,1279,-0.08,106,2836.96
6,14401,1324,3.89,88,1784.81
6,13696,1260,0.9,103,2146.14
6,15094,1260,1.72,115,1728.35
6,13930,1084,-0.39,115,1649.24
6,14257,1182,-0.3,93,1516.9
6,14065,1242,2.81,120,2422.43
6,14762,1277,-0.23,112,2899.77
6,14128,1220,-0.23,100,2390.13
6,15560,1112,1.47,108,804.67
6,15121,1225,2.68,113,1917.02
6,15264,1394,2.88,119,2524.4
6,14115,1175,2.72,109,2665.82
6,14535,1348,2.91,99,2371.92
6,14512,1124,3.6,128,2592.4
6,13843,1083,3.61,90,965.96
6,14728,1091,0.53,106,2496.38
6,15014,1379,-0.12,110,2286.15
7,25440,408,0.39,0,8.65
7,23972,338,-0.65,0,12.59
7,23411,312,0.33,0,13.9
7,23869,368,-1.61,0,4.85
7,23724,351,2.38,0,9.41
7,23934,321,1.34,0,7.21
7,24655,353,1.36,0,14.13
7,25163,368,0.36,0,11.82
7,23374,390,1.39,0,24.47
7,23918,325,2.34,0,14.13
7,23636,370,-1.62,0,13.74
7,24879,322,0.32,0,9.26
7,24040,431,0.43,0,13.14
7,22942,368,-0.6,0,5.95
7,24568,360,-1.64,0,13.44
7,25056,405,1.39,0,9.01
7,22004,274,-1.68,0,9.36
7,25882,368,1.35,0,17.08
7,23075,315,-1.66,0,1.78
7,25215,352,2.35,0,10.1
7,23893,404,1.4,0,11.21
7,23245,277,1.3,0,14.32
7,24658,280,2.3,0,18.78
7,23514,314,0.34,0,6.77
7,25169,368,2.38,0,8
7,22968,324,-1.65,0,5.06
7,25471,404,2.39,0,14.31
7,22619,307,-0.65,0,18.27
7,23656,352,-0.64,0,5.06
7,23353,320,-1.66,0,9.62
7,24228,302,-1.68,0,16.95
7,25236,329,1.32,0,21.27
7,23761,324,0.33,0,12.23
7,23356,393,1.39,0,10.88
7,24371,339,-0.65,0,16.68
7,25160,330,-0.66,0,23.44
7,24056,342,2.35,0,17.24
7,25477,311,0.32,0,9.97
7,23158,344,-1.64,0,16.71
7,23858,382,2.39,0,13.84
7,24194,393,1.39,0,9.26
7,23848,250,1.29,0,8.96
7,25958,344,1.34,0,14.89
7,23848,339,2.35,0,5.98
7,24712,350,2.35,0,18.93
7,24000,327,-1.66,0,15.44
7,25659,483,-0.55,0,8.62
7,21451,299,1.36,0,8.02
7,24695,345,-1.65,0,18.42
7,23888,372,0.37,0,19.14
7,24025,277,-1.7,0,13.7
7,24650,289,0.31,0,13.86
7,23520,310,0.34,0,4
